Flag,Name
1047611000,Iron Set [Head]
1047611001,Iron Set [Body]
1047611002,Kaiden Set [Head]
1047611003,Kaiden Set [Body]
1047611004,Drake Knight Set [Head]
1047611005,Drake Knight Set [Body]
1047611006,Drake Knight Set (Altered) [Head]
1047611007,Drake Knight Set (Altered) [Body]
1047611008,Scaled Set [Head]
1047611009,Scaled Set [Body]
1047611010,Scaled Set (Altered) [Head]
1047611011,Scaled Set (Altered) [Body]
1047611012,Perfumer Set [Head]
1047611013,Perfumer Set [Body]
1047611014,Perfumer Set (Altered) [Head]
1047611015,Perfumer Set (Altered) [Body]
1047611016,Travelling Perfumer Set [Head]
1047611017,Travelling Perfumer Set [Body]
1047611018,Travelling Perfumer Set (Altered) [Head]
1047611019,Travelling Perfumer Set (Altered) [Body]
1047611020,Alberich's Set [Head]
1047611021,Alberich's Set [Body]
1047611022,Alberich's Set (Altered) [Head]
1047611023,Alberich's Set (Altered) [Body]
1047611024,Spellblade Set [Head]
1047611025,Spellblade Set [Body]
1047611026,Spellblade Set (Altered) [Head]
1047611027,Spellblade Set (Altered) [Body]
1047611028,Bull-Goat Set [Head]
1047611029,Bull-Goat Set [Body]
1047611030,Ronin's Set [Head]
1047611031,Ronin's Set [Body]
1047611032,Ronin's Set (Altered) [Head]
1047611033,Ronin's Set (Altered) [Body]
1047611034,Guilty Set [Head]
1047611035,Guilty Set [Body]
1047611036,Blaidd's Set [Head]
1047611037,Blaidd's Set [Body]
1047611038,Blaidd's Set (Altered) [Head]
1047611039,Blaidd's Set (Altered) [Body]
1047611040,Black Knife Set [Head]
1047611041,Black Knife Set [Body]
1047611042,Black Knife Set (Altered) [Head]
1047611043,Black Knife Set (Altered) [Body]
1047611044,Exile Set [Head]
1047611045,Exile Set [Body]
1047611046,Banished Knight Set [Head]
1047611047,Banished Knight Set [Body]
1047611048,Banished Knight Set (Altered) [Head]
1047611049,Banished Knight Set (Altered) [Body]
1047611050,Briar Set [Head]
1047611051,Briar Set [Body]
1047611052,Briar Set (Altered) [Head]
1047611053,Briar Set (Altered) [Body]
1047611054,Page Set [Head]
1047611055,Page Set [Body]
1047611056,Page Set (Altered) [Head]
1047611057,Page Set (Altered) [Body]
1047611058,Night's Cavalry Set [Head]
1047611059,Night's Cavalry Set [Body]
1047611060,Night's Cavalry Set (Altered) [Head]
1047611061,Night's Cavalry Set (Altered) [Body]
1047611062,Blue Silver Set [Head]
1047611063,Blue Silver Set [Body]
1047611064,Blue Silver Set (Altered) [Head]
1047611065,Blue Silver Set (Altered) [Body]
1047611066,Nomadic Merchant Set [Head]
1047611067,Nomadic Merchant Set [Body]
1047611068,Nomadic Merchant Set (Altered) [Head]
1047611069,Nomadic Merchant Set (Altered) [Body]
1047611070,Malformed Dragon Set [Head]
1047611071,Malformed Dragon Set [Body]
1047611072,Tree Sentinel Set [Head]
1047611073,Tree Sentinel Set [Body]
1047611074,Tree Sentinel Set (Altered) [Head]
1047611075,Tree Sentinel Set (Altered) [Body]
1047611076,Royal Knight Set [Head]
1047611077,Royal Knight Set [Body]
1047611078,Royal Knight Set (Altered) [Head]
1047611079,Royal Knight Set (Altered) [Body]
1047611080,Nox Monk Set [Head]
1047611081,Nox Monk Set [Body]
1047611082,Nox Monk Set (Altered) [Head]
1047611083,Nox Monk Set (Altered) [Body]
1047611084,Nox Swordstress Set [Head]
1047611085,Nox Swordstress Set [Body]
1047611086,Nox Swordstress Set (Altered) [Head]
1047611087,Nox Swordstress Set (Altered) [Body]
1047611088,Night Maiden Set [Head]
1047611089,Night Maiden Set [Body]
1047611090,Ancestral Fur Set [Head]
1047611091,Ancestral Fur Set [Body]
1047611092,Ancestral Shaman Set [Head]
1047611093,Ancestral Shaman Set [Body]
1047611094,Duelist Set [Head]
1047611095,Duelist Set [Body]
1047611096,Duelist Set (Altered) [Head]
1047611097,Duelist Set (Altered) [Body]
1047611098,Sanguine Noble Set [Head]
1047611099,Sanguine Noble Set [Body]
1047611100,Guardian Set [Head]
1047611101,Guardian Set (Full Bloom) [Body]
1047611102,Guardian Set (Altered) [Head]
1047611103,Guardian Set (Altered) [Body]
1047611104,Cleanrot Set [Head]
1047611105,Cleanrot Set [Body]
1047611106,Cleanrot Set (Altered) [Head]
1047611107,Cleanrot Set (Altered) [Body]
1047611108,Fire Monk Set [Head]
1047611109,Fire Monk Set [Body]
1047611110,Blackflame Monk Set [Head]
1047611111,Blackflame Monk Set [Body]
1047611112,Fire Prelate Set [Head]
1047611113,Fire Prelate Set [Body]
1047611114,Fire Prelate Set (Altered) [Head]
1047611115,Fire Prelate Set (Altered) [Body]
1047611116,Aristocrat Set [Head]
1047611117,Aristocrat Set [Body]
1047611118,Wandering Aristocrat Set [Head]
1047611119,Wandering Aristocrat Set [Body]
1047611120,Old Aristocrat Set [Head]
1047611121,Old Aristocrat Set [Body]
1047611122,Vulgar Militia Set [Head]
1047611123,Vulgar Militia Set [Body]
1047611124,Sage Set [Head]
1047611125,Sage Set [Body]
1047611126,Pumpkin Helm [Head]
1047611127,Elden Lord Set [Head]
1047611128,Elden Lord Set [Body]
1047611129,Elden Lord Set (Altered) [Head]
1047611130,Elden Lord Set (Altered) [Body]
1047611131,General Radahn's Set [Head]
1047611132,General Radahn's Set [Body]
1047611133,General Radahn's Set (Altered) [Head]
1047611134,General Radahn's Set (Altered) [Body]
1047611135,Queen's Set [Head]
1047611136,Queen's Set [Body]
1047611137,Godskin Apostle Set [Head]
1047611138,Godskin Apostle Set [Body]
1047611139,Godskin Noble Set [Head]
1047611140,Godskin Noble Set [Body]
1047611141,Depraved Perfumer Set [Head]
1047611142,Depraved Perfumer Set [Body]
1047611143,Depraved Perfumer Set (Altered) [Head]
1047611144,Depraved Perfumer Set (Altered) [Body]
1047611145,Crucible Axe Set [Head]
1047611146,Crucible Axe Set [Body]
1047611147,Crucible Axe Set (Altered) [Head]
1047611148,Crucible Axe Set (Altered) [Body]
1047611149,Crucible Tree Set [Head]
1047611150,Crucible Tree Set [Body]
1047611151,Lusat's Set [Head]
1047611152,Lusat's Set [Body]
1047611153,Azur's Set [Head]
1047611154,Azur's Set [Body]
1047611155,All-Knowing Set [Head]
1047611156,All-Knowing Set [Body]
1047611157,All-Knowing Set (Altered) [Head]
1047611158,All-Knowing Set (Altered) [Body]
1047611159,Twinned Set [Head]
1047611160,Twinned Set [Body]
1047611161,Twinned Set (Altered) [Head]
1047611162,Twinned Set (Altered) [Body]
1047611163,Ragged Set [Head]
1047611164,Ragged Set [Body]
1047611165,Ragged Set (Altered) [Head]
1047611166,Ragged Set (Altered) [Body]
1047611167,Prophet Set [Head]
1047611168,Prophet Set [Body]
1047611169,Prophet Set (Altered) [Head]
1047611170,Prophet Set (Altered) [Body]
1047611171,Prophet Set (Alt) [Body]
1047611172,Astrologer Set [Head]
1047611173,Astrologer Set [Body]
1047611174,Astrologer Set (Altered) [Head]
1047611175,Astrologer Set (Altered) [Body]
1047611176,Lionel's Set [Head]
1047611177,Lionel's Set [Body]
1047611178,Lionel's Set (Altered) [Head]
1047611179,Lionel's Set (Altered) [Body]
1047611180,Hoslow's Set [Head]
1047611181,Hoslow's Set [Body]
1047611182,Hoslow's Set (Diallos) [Head]
1047611183,Hoslow's Set (Diallos) [Body]
1047611184,Hoslow's Set (Alt) [Head]
1047611185,Hoslow's Set (Alt) [Body]
1047611186,Vagabond Knight Set [Head]
1047611187,Vagabond Knight Set [Body]
1047611188,Vagabond Knight Set (Altered) [Head]
1047611189,Vagabond Knight Set (Altered) [Body]
1047611190,Blue Cloth Set [Head]
1047611191,Blue Cloth Set [Body]
1047611192,War Surgeon Set [Head]
1047611193,War Surgeon Set [Body]
1047611194,War Surgeon Set (Altered) [Head]
1047611195,War Surgeon Set (Altered) [Body]
1047611196,Royal Remains Set [Head]
1047611197,Royal Remains Set [Body]
1047611198,Brave's Set [Head]
1047611199,Brave's Set [Body]
1047611200,Brave's Set (Altered) [Head]
1047611201,Brave's Set (Altered) [Body]
1047611202,Brave's Leather Helm [Head]
1047611203,Beast Champion Set [Head]
1047611204,Beast Champion Set [Body]
1047611205,Beast Champion Set (Altered) [Head]
1047611206,Beast Champion Set (Altered) [Body]
1047611207,Champion Set [Head]
1047611208,Champion Set [Body]
1047611209,Noble's Set (Crimson) [Head]
1047611210,Noble's Set (Crimson) [Body]
1047611211,Navy Hood [Head]
1047611212,Maliketh's Set [Head]
1047611213,Maliketh's Set [Body]
1047611214,Maliketh's Set (Altered) [Head]
1047611215,Maliketh's Set (Altered) [Body]
1047611216,Malenia's Set [Head]
1047611217,Malenia's Set [Body]
1047611218,Malenia's Set (Altered) [Head]
1047611219,Malenia's Set (Altered) [Body]
1047611220,Veteran's Set [Head]
1047611221,Veteran's Set [Body]
1047611222,Veteran's Set (Altered) [Head]
1047611223,Veteran's Set (Altered) [Body]
1047611224,Bloodhound Knight Set [Head]
1047611225,Bloodhound Knight Set [Body]
1047611226,Bloodhound Knight Set (Altered) [Head]
1047611227,Bloodhound Knight Set (Altered) [Body]
1047611228,Festive Set [Head]
1047611229,Festive Set [Body]
1047611230,Festive Set (Altered) [Head]
1047611231,Festive Set (Altered) [Body]
1047611232,Blue Festive Set [Head]
1047611233,Blue Festive Set [Body]
1047611234,Commoner's Set [Head]
1047611235,Commoner's Set [Body]
1047611236,Commoner's Set (Altered) [Head]
1047611237,Commoner's Set (Altered) [Body]
1047611238,Simple Commoner's Set [Head]
1047611239,Simple Commoner's Set [Body]
1047611240,Envoy Crown [Head]
1047611241,Twinsage Glintstone Crown [Head]
1047611242,Raya Lucaria Scholar Set [Body]
1047611243,Olivinus Glintstone Crown [Head]
1047611244,Lazuli Glintstone Crown [Head]
1047611245,Karolos Glintstone Crown [Head]
1047611246,Witch's Glintstone Crown [Head]
1047611247,Marionette Soldier Set [Head]
1047611248,Marionette Soldier Set [Body]
1047611249,Marionette Soldier Birdhelm [Head]
1047611250,Raging Wolf Set [Head]
1047611251,Raging Wolf Set [Body]
1047611252,Raging Wolf Set (Altered) [Head]
1047611253,Raging Wolf Set (Altered) [Body]
1047611254,Land of Reeds Set [Head]
1047611255,Land of Reeds Set [Body]
1047611256,Land of Reeds Set (Altered) [Head]
1047611257,Land of Reeds Set (Altered) [Body]
1047611258,White Reed Set [Head]
1047611259,White Reed Set [Body]
1047611260,Confessor Set [Head]
1047611261,Confessor Set [Body]
1047611262,Confessor Set (Altered) [Head]
1047611263,Confessor Set (Altered) [Body]
1047611264,Prisoner Set [Head]
1047611265,Prisoner Set [Body]
1047611266,Blackguard's Iron Mask [Head]
1047611267,Traveling Maiden Set [Head]
1047611268,Traveling Maiden Set [Body]
1047611269,Traveling Maiden Set (Altered) [Head]
1047611270,Traveling Maiden Set (Altered) [Body]
1047611271,Finger Maiden Set [Head]
1047611272,Finger Maiden Set [Body]
1047611273,Finger Maiden Set (Altered) [Head]
1047611274,Finger Maiden Set (Altered) [Body]
1047611275,Preceptor's Set [Head]
1047611276,Preceptor's Set [Body]
1047611277,Preceptor's Set (Altered) [Head]
1047611278,Preceptor's Set (Altered) [Body]
1047611279,Grass Hair Ornament [Head]
1047611280,Raptor's Set [Head]
1047611281,Raptor's Set [Body]
1047611282,Eccentric's Set [Head]
1047611283,Eccentric's Set [Body]
1047611284,Eccentric's Set (Altered) [Head]
1047611285,Eccentric's Set (Altered) [Body]
1047611286,Fingerprint Set [Head]
1047611287,Fingerprint Set [Body]
1047611288,Fingerprint Set (Altered) [Head]
1047611289,Fingerprint Set (Altered) [Body]
1047611290,Consort's Set [Head]
1047611291,Consort's Set [Body]
1047611292,Ruler's Set [Head]
1047611293,Ruler's Set [Body]
1047611294,Upper-Class Set [Head]
1047611295,Upper-Class Set [Body]
1047611296,Marais Set [Head]
1047611297,Marais Set [Body]
1047611298,Bloodsoaked Set [Head]
1047611299,Bloodsoaked Set [Body]
1047611300,Omen Set [Head]
1047611301,Omen Set [Body]
1047611302,Carian Knight Set [Head]
1047611303,Carian Knight Set [Body]
1047611304,Carian Knight Set [Altered) [Head]
1047611305,Carian Knight Set [Altered) [Body]
1047611306,Errant Sorcerer Set [Head]
1047611307,Errant Sorcerer Set [Body]
1047611308,Errant Sorcerer Set (Altered) [Head]
1047611309,Errant Sorcerer Set (Altered) [Body]
1047611310,Battlemage Set [Head]
1047611311,Battlemage Set [Body]
1047611312,Snow Witch Set [Head]
1047611313,Snow Witch Set [Body]
1047611314,Snow Witch Set (Altered) [Head]
1047611315,Snow Witch Set (Altered) [Body]
1047611316,Juvenile Scholar Set [Head]
1047611317,Juvenile Scholar Set [Body]
1047611318,Goldmask's Set [Head]
1047611319,Goldmask's Set [Body]
1047611320,Albinauric Set [Head]
1047611321,Albinauric Set [Body]
1047611322,Zamor Set [Head]
1047611323,Zamor Set [Body]
1047611324,Imp Head (Cat) [Head]
1047611325,Imp Head (Fanged) [Head]
1047611326,Imp Head (Long-Tongued) [Head]
1047611327,Imp Head (Corpse) [Head]
1047611328,Imp Head (Wolf) [Head]
1047611329,Imp Head (Elder) [Head]
1047611330,Silver Tear Mask [Head]
1047611331,Chain Set [Head]
1047611332,Chain Set [Body]
1047611333,Greathelm [Head]
1047611334,Eye Surcoat [Body]
1047611335,Tree Surcoat [Body]
1047611336,Octopus Head [Head]
1047611337,Jar [Head]
1047611338,Mushroom Set [Head]
1047611339,Mushroom Set [Body]
1047611340,Nox Mirrorhelm [Head]
1047611341,Iji's Mirrorhelm [Head]
1047611342,Leather Set [Head]
1047611343,Leather Set [Body]
1047611344,Bandit Mask [Head]
1047611345,Knight Set [Head]
1047611346,Knight Set [Body]
1047611347,Greathood [Head]
1047611348,Godrick Soldier Set [Head]
1047611349,Godrick Soldier Set [Body]
1047611350,Raya Lucarian Soldier Set [Head]
1047611351,Raya Lucarian Soldier Set [Body]
1047611352,Leyndell Soldier Set [Head]
1047611353,Leyndell Soldier Set [Body]
1047611354,Radahn Soldier Set [Head]
1047611355,Radahn Soldier Set [Body]
1047611356,Mausoleum Soldier Set [Head]
1047611357,Mausoleum Soldier Set [Body]
1047611358,Haligtree Soldier Set [Head]
1047611359,Haligtree Soldier Set [Body]
1047611360,Gelmir Knight Set [Head]
1047611361,Gelmir Knight Set [Body]
1047611362,Gelmir Knight Set (Altered) [Head]
1047611363,Gelmir Knight Set (Altered) [Body]
1047611364,Godrick Knight Set [Head]
1047611365,Godrick Knight Set [Body]
1047611366,Godrick Knight Set (Altered) [Head]
1047611367,Godrick Knight Set (Altered) [Body]
1047611368,Cuckoo Knight Set [Head]
1047611369,Cuckoo Knight Set [Body]
1047611370,Cuckoo Knight Set (Altered) [Head]
1047611371,Cuckoo Knight Set (Altered) [Body]
1047611372,Leyndell Knight Set [Head]
1047611373,Leyndell Knight Set [Body]
1047611374,Leyndell Knight Set (Altered) [Head]
1047611375,Leyndell Knight Set (Altered) [Body]
1047611376,Redmane Knight Set [Head]
1047611377,Redmane Knight Set [Body]
1047611378,Redmane Knight Set (Altered) [Head]
1047611379,Redmane Knight Set (Altered) [Body]
1047611380,Mausoleum Knight Set [Head]
1047611381,Mausoleum Knight Set [Body]
1047611382,Mausoleum Knight Set (Altered) [Head]
1047611383,Mausoleum Knight Set (Altered) [Body]
1047611384,Haligtree Knight Set [Head]
1047611385,Haligtree Knight Set [Body]
1047611386,Haligtree Knight Set (Altered) [Head]
1047611387,Haligtree Knight Set (Altered) [Body]
1047611388,Godrick Foot Soldier Set [Head]
1047611389,Godrick Foot Soldier Set [Body]
1047611390,Raya Lucarian Foot Soldier Set [Head]
1047611391,Raya Lucarian Foot Soldier Set [Body]
1047611392,Leyndell Foot Soldier Set [Head]
1047611393,Leyndell Foot Soldier Set [Body]
1047611394,Radahn Foot Soldier Set [Head]
1047611395,Radahn Foot Soldier Set [Body]
1047611396,Haligtree Foot Soldier Set [Head]
1047611397,Haligtree Foot Soldier Set [Body]
1047611398,Omenkiller Set [Head]
1047611399,Omenkiller Set [Body]
1047611400,Ash-of-War Scarab [Head]
1047611401,Incantation Scarab [Head]
1047611402,Glintstone Scarab [Head]
1047611403,Crimson Tear Scarab [Head]
1047611404,Cerulean Tear Scarab [Head]
1047611405,Fia's Set [Head]
1047611406,Fia's Set [Body]
1047611407,Fia's Set (Altered) [Head]
1047611408,Fia's Set (Altered) [Body]
1047611409,Highwayman Set [Head]
1047611410,Highwayman Set [Body]
1047611411,High Page Set [Head]
1047611412,High Page Set [Body]
1047611413,High Page Set (Altered) [Head]
1047611414,High Page Set (Altered) [Body]
1047611415,Rotten Duelist Set [Head]
1047611416,Rotten Duelist Set [Body]
1047611417,Rotten Duelist Set (Altered) [Head]
1047611418,Rotten Duelist Set (Altered) [Body]
1047611419,Mushroom Crown [Head]
1047611420,Black Dumpling [Head]
1047611421,Lazuli Robe [Body]
1047611422,Crab Carcass [Head]
